ZONE,State,City,Account Name,0 to 45,46 to 60,61 to 90,91 to 120,121 to 150,151 to 180,>180,Total Outstanding,Credit Period,Outstanding Due for Payment,Received during last month
South,ANDHRA PRADESH,VIJAYAWADA,SANDEEP CYCLE AGENCIES,0,"548,996",0,0,0,0,0,"548,996",45,"548,996",
South,ANDHRA PRADESH,VIJAYAWADA,SHAH SOORCHAND DAMODAR,0,0,0,"1,908",0,0,0,"1,908",45,"1,908","32,500"
South,ANDHRA PRADESH,VIJAYAWADA,VENKATESHWAR HARDWARE,0,0,0,0,0,0,"2,975","2,975",45,"2,975",
South,ANDHRA PRADESH,GUNTUR,SRI HARI ENTERPRISES,0,0,0,"9,124","50,575",0,0,"59,699",45,"59,699",
South,ANDHRA PRADESH,KAKINADA,SRI SATYANARYAN HARDWARES,0,0,0,"12,115",0,0,0,"12,115",45,"12,115",
South,ANDHRA PRADESH,RAYACHOTI,HINDUSTAN HARDWARES,0,0,0,"7,440",0,0,0,"7,440",45,"7,440",
South,ANDHRA PRADESH,KADAPA,MUDRIKA PLYWOOD AND GLASS WARE,0,0,0,"27,398",0,0,0,"27,398",45,"27,398",
East,ASSAM,DIBRUGARH,DUNGARMAL SITARAM & CO.,0,0,0,0,0,0,"14,544","14,544",45,"14,544",
East,ASSAM,SILCHAR,JOY DURGA STORE,0,0,0,"104,553",0,0,0,"104,553",45,"104,553",
East,ASSAM,JORHAT,BAGREE GLASS HOUSE,0,0,0,0,0,0,"10,000","10,000",45,"10,000",
East,ASSAM,GUWAHATI,INTERIOR SHOPPE,0,0,0,0,0,0,"1,103","1,103",45,"1,103",
East,ASSAM,KARIMGANJ,MAA LAXMI HARDWARE,0,0,0,0,0,0,"13,324","13,324",45,"13,324",
East,ASSAM,SIBSAGAR,SARAOGI HARDWARE STORES,0,0,0,0,0,0,467,467,45,467,
East,ASSAM,NAGAON,ASSAM GLASS HOUSE,0,0,0,0,0,0,"44,681","44,681",45,"44,681",
East,ASSAM,SIBSAGAR,MARUTHI GLASS,0,0,0,0,0,0,"70,056","70,056",45,"70,056",
East,ASSAM,GUWAHATI,ADVANCE ENGINEERING & SUPPLY CO.,0,0,0,0,0,0,"27,136","27,136",45,"27,136",
East,ASSAM,SILCHAR,PADMA TRADERS,0,0,0,0,0,0,"2,194","2,194",45,"2,194",
East,ASSAM,DIBRUGARH,HARI PRASAD SANDIP KUMAR & CO.,0,0,0,0,0,0,"174,557","174,557",45,"174,557",
East,ASSAM,GUWAHATI,OMKAR BUSINESS ASSOCIATES,0,0,0,0,0,0,"52,160","52,160",45,"52,160",
East,ASSAM,GUWAHATI,TRIMURTY ENTERPRISE,0,0,0,0,0,0,"112,357","112,357",45,"112,357",
East,ASSAM,SILCHAR,MOULANA INCORPORATION,0,0,0,0,0,0,"149,762","149,762",45,"149,762",
East,ASSAM,GUWAHATI,MAA SHAKTI COLLECTION,0,0,0,0,0,0,"12,017","12,017",45,"12,017",
East,ASSAM,DIBRUGARH,JAGDAMBA HARDWARE AGENCIES,0,0,0,0,0,0,"10,977","10,977",45,"10,977",
East,ASSAM,KARIMGANJ,KARIMGANJ GLASS HOUSE,0,0,0,0,0,0,"10,952","10,952",45,"10,952",
East,ASSAM,GUWAHATI,SANJAY MARKETING,0,0,0,0,0,0,"1,270","1,270",45,"1,270",
East,ASSAM,GUWAHATI,NAMOKAR PIPES &HARDWARE,"49,887",0,0,0,0,0,0,"49,887",45,0,"56,250"
East,ASSAM,GUWAHATI,SUBHKARAN UDYOG,0,0,0,0,0,0,495,495,45,495,
East,ASSAM,DIBRUGARH,FOGLA ENTERPRISES,765,0,0,0,0,0,0,765,45,0,"14,083"
North,ASSAM,GUWAHATI,MR. RAVI KUMAR PODDAR,"1,251",0,0,0,0,0,0,"1,251",0,"1,251",
East,BIHAR,PATNA,AJANTA MERCHANTRY SERVICES LLP,"90,737,090","27,567,743","9,340,409",0,0,0,0,"127,645,242",45,"36,908,152","53,338,492"
East,BIHAR,BHAGALPUR,PRIDE INNOVATION AND SERVICES,0,0,0,0,0,0,"3,308","3,308",45,"3,308",
East,BIHAR,PATNA,MR. AJAY VERMA,899,0,0,0,0,0,0,899,0,899,
North,CHANDIGARH,CHANDIGARH,NATIONAL TRADING CORPORATION,"13,610",0,0,0,0,0,0,"13,610",45,0,"8,036"
West,CHHATTISGARH,KORBA,DADU RAM HARDWARE STORE,0,0,"9,440",0,0,0,0,"9,440",45,"9,440",
West,CHHATTISGARH,RAIPUR,HARDWARE HOUSE,0,0,"7,219",0,0,0,0,"7,219",45,"7,219",
West,CHHATTISGARH,BILASPUR,PUNJAB IRON STORES,0,0,"64,577","63,587","122,784",0,0,"250,948",45,"250,948",
West,CHHATTISGARH,AMBIKAPUR,RAMA SALES CORPORATION,0,0,0,0,86,0,0,86,45,86,
West,CHHATTISGARH,BILASPUR,SHRI HARI HARDWARE,0,0,0,0,0,0,"7,696","7,696",45,"7,696",
West,CHHATTISGARH,BILASPUR,RAJESH IRON STORES,0,0,"34,602","287,593","131,142",0,0,"453,337",45,"453,337",
West,CHHATTISGARH,RAIPUR,GOYAL HARDWARE STORES,0,0,"47,319","85,071",0,0,0,"132,390",45,"132,390","200,000"
West,CHHATTISGARH,RAIPUR,SHANKAR PLY LAM,"3,981",0,0,0,0,0,0,"3,981",45,0,"11,190"
West,CHHATTISGARH,RAIPUR,EKTA TRADERS,0,0,0,0,0,0,"2,059","2,059",45,"2,059",
West,CHHATTISGARH,RAIPUR,MAHAVIR HARDWARE,0,0,0,0,0,152,0,152,45,152,
West,CHHATTISGARH,RAIPUR,OM ENTERPRISES,0,0,"137,395",0,0,0,0,"137,395",45,"137,395",
West,CHHATTISGARH,RAIPUR,HARI RAM STORES,"297,407",0,0,0,0,0,0,"297,407",45,0,"61,300"
West,CHHATTISGARH,RAIGARH,SHRI AVON FITTING,0,0,0,"4,502",0,0,0,"4,502",45,"4,502",
West,CHHATTISGARH,RAIPUR,JAI BABA HARDWARE & PLYWOOD,0,0,0,430,0,0,0,430,45,430,
West,CHHATTISGARH,RAIPUR,PLY PLAZA,"77,430",0,0,0,0,0,0,"77,430",45,0,
West,CHHATTISGARH,RAIPUR,SHREE HARDEO INDUSTRIES,"50,837",0,0,0,0,0,0,"50,837",45,0,"84,729"
West,CHHATTISGARH,AMBIKAPUR,VINOD HARDWARE,0,0,0,0,0,"126,413",0,"126,413",45,"126,413",
West,CHHATTISGARH,BILASPUR,ANCHAL HARDWARES,0,0,"33,225",0,0,0,0,"33,225",45,"33,225",
West,CHHATTISGARH,AMBIKAPUR,CHANCHAL ENTERPRISES,0,0,0,0,0,0,230,230,45,230,
West,DADRA AND NAGAR HAVELI,SILVASSA,MAKATI PLYWOOD CENTRE,0,0,0,0,0,0,"1,070","1,070",45,"1,070",
North,DELHI,DELHI,AJANTA MKTG.SERVICES PVT.LTD.,"9,017,630","1,264,619",0,0,0,0,0,"10,282,249",45,"1,264,619","6,192,508"
North,DELHI,NEW DELHI,YOGESH TRADERS,"25,110",0,0,0,0,0,0,"25,110",45,0,"911,904"
North,DELHI,DELHI,SHIV TRADERS,0,0,0,0,0,0,"10,315","10,315",45,"10,315",
North,DELHI,NEW DELHI,EAGLE NETWORK SUPPLY PVT. LTD.,"555,338","60,853",0,0,0,0,0,"616,191",45,"60,853","539,870"
North,DELHI,DELHI,S P M GROUP,0,0,0,"8,580",0,0,0,"8,580",45,"8,580",
North,DELHI,DELHI,GOEL BROTHERS,0,0,0,0,0,0,"9,308","9,308",45,"9,308",
North,DELHI,DELHI,MR. MANOJ KUMAR,618,0,0,0,0,0,0,618,0,618,
North,DELHI,DELHI,AMIT SHARMA,"1,409",0,0,0,0,0,0,"1,409",0,"1,409",
North,DELHI,DELHI,MR. ISTKAR ALI,787,0,0,0,0,0,0,787,0,787,
North,DELHI,NEW DELHI,MCCOY MART DIGITAL PVT LTD,"19,480",0,0,0,0,0,0,"19,480",45,0,
West,GOA,MARGAO,SHREE MARKETING,0,0,0,0,0,0,"22,788","22,788",45,"22,788",
West,GOA,MARGAO,SHREE HARDWARE & CO.,0,0,0,0,0,0,"53,624","53,624",45,"53,624",
West,GUJARAT,NADIAD,MAYUR TRADERS,0,0,"14,198",0,0,0,0,"14,198",45,"14,198",
West,GUJARAT,SURENDRANAGAR,RANGOLI GLASS TRADERS,0,0,0,0,0,0,932,932,45,932,
West,GUJARAT,SURAT,B.M. ENTERPRISES,0,0,0,0,0,0,"42,668","42,668",45,"42,668",
West,GUJARAT,DAHOD,FIRDOUS TRADERS,0,0,0,"1,785",0,0,0,"1,785",45,"1,785",
West,GUJARAT,JAMNAGAR,LUKMANJI TAYEBALI TALAWALA,0,0,0,293,0,0,0,293,45,293,
West,GUJARAT,GODHRA,GUJARAT HARDWARE AGENCY,0,0,0,0,0,0,"6,254","6,254",45,"6,254",
West,GUJARAT,DAHOD,MUKESH H/W STORES,"30,176",0,0,0,0,0,"3,713","33,889",45,"3,713",
West,GUJARAT,SURENDRANAGAR,V.J SALES CORPORATION,0,0,0,0,0,0,420,420,45,420,
West,GUJARAT,AHMEDABAD,AHMEDABAD LOCK HOUSE,"19,735",0,0,0,0,0,0,"19,735",45,0,
West,GUJARAT,AHMEDABAD,RAMDEV MARKETING,0,0,"50,247",0,0,0,0,"50,247",45,"50,247",
West,GUJARAT,AHMEDABAD,PREM INDUSTRIES,"262,374",0,0,0,0,0,0,"262,374",45,0,
West,GUJARAT,GODHRA,SANTOSH LOCK HOUSE,258,0,0,0,0,0,0,258,45,0,"13,411"
West,GUJARAT,VAPI,ZAITUN ENGINEERS,0,0,0,0,0,"2,129",0,"2,129",45,"2,129",
West,GUJARAT,PALANPUR,JANTA H/W STORES,0,0,0,0,0,"16,478",0,"16,478",45,"16,478",
West,GUJARAT,BILLIMORA,BHARTIYA VASTU BHANDAR,0,0,0,0,0,0,"13,172","13,172",45,"13,172",
West,GUJARAT,PALANPUR,WESTERN HARDWARE MART,0,0,0,0,495,0,0,495,45,495,
North,HARYANA,JIND,JAI KARAN DASS MAHABIR PRASAD,0,0,0,0,0,0,"2,031","2,031",45,"2,031",
North,HARYANA,ROHTAK,GURDIAL SINGH PRITAM SINGH,0,0,0,0,0,"5,993",0,"5,993",45,"5,993",
North,HARYANA,SIRSA,D.N & SONS,"58,616",0,0,0,0,0,0,"58,616",45,0,
North,HARYANA,REWARI,K.D ENTERPRISES,"8,250",0,0,0,0,0,0,"8,250",45,0,
North,HARYANA,SIRSA,KHUSHI RAM GURMUKH DASS,0,"20,864",0,0,0,0,0,"20,864",45,"20,864",
North,HARYANA,AMBALA CITY,NARANG TRADERS,"31,794",0,0,0,196,0,0,"31,990",45,196,
North,HARYANA,AMBALA CITY,AMBAY H/W STORE..,"64,879",0,0,"2,350",0,0,0,"67,229",45,"2,350",
North,HARYANA,KARNAL,GUPTA TRADING CO.,0,0,0,"22,073",0,0,0,"22,073",45,"22,073",
North,HARYANA,PANIPAT,SHREE VINAYAK TRADERS,"31,794",0,0,0,0,0,0,"31,794",45,0,
North,HARYANA,HISAR,KESHO RAM DEVRAJ,0,0,0,0,0,0,786,786,45,786,
North,HARYANA,KARNAL,KHARBANDA ENTERPRISES,0,0,0,"8,430",0,0,0,"8,430",45,"8,430","40,000"
North,HARYANA,YAMUNANAGAR,GIFT CENTRE,"27,544",0,0,0,0,0,0,"27,544",45,0,
North,HARYANA,BHIWANI,BISHAN DAYAL & SONS..,0,0,0,0,40,0,0,40,45,40,
North,HARYANA,HISAR,O.P JINDAL INSTITUTE OF CANCER AND CARDIAC RESEARCH,2,0,0,0,0,0,0,2,45,0,"38,958"
North,HARYANA,KAITHAL,ARORA PLYWOOD,0,0,0,"27,834","42,721",0,0,"70,555",45,"70,555",
North,HARYANA,AMBALA CANT,DAULAT RAM HAR BHAGWAN,"16,698",0,0,0,0,564,0,"17,262",45,564,"20,000"
North,HARYANA,FATEHABAD,G.S. PLYWOOD,0,0,0,0,0,0,"4,019","4,019",45,"4,019",
North,HARYANA,PANIPAT,JEEWAN SALES CORPORATIN,0,0,0,"9,017",0,0,0,"9,017",45,"9,017","5,000"
North,HARYANA,AMBALA CANT,MANGAL SAIN RAJA RAM,"79,210",0,0,0,0,0,0,"79,210",45,0,"23,401"
North,HARYANA,HANSI,RAJESH TRADERS,"6,698",0,0,0,0,0,0,"6,698",45,0,"29,320"
North,HARYANA,KURUKSHETRA,VEEKAY PLY STORE,"94,822",0,0,0,0,0,0,"94,822",45,0,"56,235"
North,HARYANA,NARAYANGARH,VIJAY KUMAR SHAYAM LAL,0,0,0,"11,795","56,818",0,"2,954","71,567",45,"71,567",
North,HARYANA,PANIPAT,NATIONAL HARDWARE STORE,0,0,0,"40,248",0,0,0,"40,248",45,"40,248","40,000"
North,HARYANA,JAGADHRI,AHUJA SALES,"72,754",0,0,0,0,0,0,"72,754",45,0,
North,HARYANA,AMBALA CANT,TANEJA AGENCIES,0,0,0,0,0,0,"8,009","8,009",45,"8,009",
North,HARYANA,PEHOWA,GARG PLYWOOD GLASS & H/W STORE,0,0,0,0,0,0,"1,552","1,552",45,"1,552",
North,HARYANA,HANSI,HARYANA PLYWOOD,"28,704","53,700",0,0,0,0,0,"82,404",45,"53,700",
North,HARYANA,REWARI,DARSHAN STORE,"34,795",0,0,"3,035",0,0,0,"37,830",45,"3,035",
North,HARYANA,BAHADURGARH,GARG AND COMPANY,0,0,0,0,0,0,"18,800","18,800",45,"18,800",
North,HARYANA,PANCHKULA,AGGARWAL SANITATION,"970,466",0,0,0,0,0,0,"970,466",45,0,300
North,HARYANA,KAITHAL,ARORA PLY & H/W STORE,0,0,"50,837","5,616",0,0,0,"56,453",45,"56,453",
North,HARYANA,AMBALA CANT,TANEJA INTERIORS,"74,379",0,0,0,0,0,0,"74,379",45,0,140
North,HARYANA,YAMUNANAGAR,RAGHAV ENTERPRISES,0,0,0,"6,655",0,0,0,"6,655",45,"6,655",
North,HARYANA,HISAR,SHRI SHYAM TRADERS,0,0,0,0,0,0,"1,386","1,386",45,"1,386",
North,HARYANA,AMBALA,SUMER CHAND & SONS..,"19,108",0,0,0,0,0,0,"19,108",45,0,
North,HARYANA,BHIWANI,MR. DINESH GREWAL,273,0,0,0,0,0,0,273,0,273,
North,HIMACHAL PRADESH,MANDI,PAUL HARDWARE & ELECTRICAL STORE,0,0,0,0,0,0,"19,190","19,190",45,"19,190",
North,HIMACHAL PRADESH,PALAMPUR,THAKUR DASS PARDEEP KUMAR,0,0,0,0,0,0,"5,383","5,383",45,"5,383",
North,HIMACHAL PRADESH,MANALI,THOMAS STORE,0,0,0,0,0,0,"8,566","8,566",45,"8,566",
North,HIMACHAL PRADESH,ROHRU,UTTAM GENERAL STORES,0,0,0,0,0,0,786,786,45,786,
North,HIMACHAL PRADESH,GAGAGAL,SAI HARDWARE,0,0,0,0,0,0,"1,636","1,636",45,"1,636",
North,HIMACHAL PRADESH,MANDI,ARORA HARDWARE,0,0,0,0,0,0,"4,452","4,452",45,"4,452",
North,HIMACHAL PRADESH,MARANDA,ANANT RAM HARISHCHANDRA & CO.,0,0,0,0,0,0,248,248,45,248,
North,HIMACHAL PRADESH,NAHAN,SHAHI ENTERPTISES,0,0,0,0,0,0,"1,923","1,923",45,"1,923",
North,HIMACHAL PRADESH,HAMIRPUR,CHOPRA PLYWOOD CO.,0,0,0,0,0,0,602,602,45,602,
North,JAMMU & KASHMIR,SRINAGAR,ALIGARH TRADERS,"1,263,472",0,"329,207","887,232","799,995",0,0,"3,279,906",45,"2,016,434","1,500,000"
North,JAMMU & KASHMIR,SRINAGAR,ALIGARH TRADERS,"1,305,759","447,100","315,775","268,566","56,890",0,0,"2,394,090",45,"1,088,331",
East,JHARKHAND,RANCHI,AJANTA MERCHANTRY SERVICES LLP,0,"2,588,250","1,368,492",0,0,0,0,"3,956,742",45,"3,956,742","7,450,000"
South,KARNATAKA,BANGALORE,MATRIX MARKETING,0,0,0,0,0,0,"866,100","866,100",45,"866,100",
South,KARNATAKA,BENGALURU,ALIGARH SALES,"1,160,905","161,854","205,269","1,316,903","385,329",0,0,"3,230,260",45,"2,069,355","300,000"
South,KARNATAKA,BENGALURU,SOUTH INDIA AGENCIES,0,0,0,0,0,0,"340,822","340,822",45,"340,822",
South,KARNATAKA,PUTTUR,CENTURY H/W,0,0,0,0,0,0,"7,868","7,868",45,"7,868",
South,KARNATAKA,MYSURU,JAIN H/W & PLYWOOD,0,0,0,0,0,0,"156,808","156,808",45,"156,808",
South,KARNATAKA,MYSURU,MARUDHAR HARDWARE,0,0,0,0,0,0,462,462,45,462,
South,KARNATAKA,GULBARGA,NATIONAL ENTERPRISES,0,0,0,0,0,0,"1,773","1,773",45,"1,773",
South,KARNATAKA,BELGAUM,W.K. ACHMANI,0,0,0,0,0,0,786,786,45,786,
South,KARNATAKA,HUBLI,EXCEL HARDWARE,0,0,0,0,0,0,"15,093","15,093",45,"15,093",
South,KARNATAKA,KALABURGI,MANIYAR INTERIOR MALL,0,0,0,0,0,0,"22,945","22,945",45,"22,945",
South,KARNATAKA,MAYSORE,PARAS HARDWARE,0,0,0,0,0,0,"52,777","52,777",45,"52,777",
South,KARNATAKA,HASSAN,ARJUN HARDWARE & SANITARY,0,0,0,0,0,0,"42,266","42,266",45,"42,266",
South,KARNATAKA,DEVANGREE,HARSHA HARDWARE & PAINT,0,0,0,0,0,0,"28,889","28,889",45,"28,889",
South,KARNATAKA,CHITRADURGA,SREE RADHA KRISHNA HARDWARE,0,0,0,0,0,0,"42,876","42,876",45,"42,876",
South,KARNATAKA,KOPPAL,HINDUSTAN HARDWARE & PLYWOOD GLASS,0,0,0,0,0,0,320,320,45,320,"9,500"
South,KARNATAKA,MANAGALORE,SRI KRISHNA HARDWARES,0,0,0,0,0,0,789,789,45,789,
South,KARNATAKA,HUBLI,PARVATI HARDWARES,0,0,0,0,0,0,"28,889","28,889",45,"28,889",
South,KARNATAKA,HUBLI,MAHAVEER HARDWARE,0,0,0,0,0,0,467,467,45,467,
South,KARNATAKA,BENGALURU,MAHALAKSHMI GLASS PLYWOOD AND HARDWARE,0,0,0,0,0,0,"4,857","4,857",45,"4,857",
South,KARNATAKA,BIJAPUR,MANIYAR ENTERPRISES,0,0,0,0,0,0,"17,398","17,398",45,"17,398",
South,KARNATAKA,HOSPET,PADMAVATHI HARDWARE,0,0,0,0,0,0,760,760,45,760,
South,KARNATAKA,GULBARGA,BANGALORE HARDWARE,0,0,0,0,0,0,"25,209","25,209",45,"25,209",
South,KARNATAKA,KALABURGI,SHIV SHAKTI HARDWARE & PLYWOOD,0,0,0,0,0,0,"50,164","50,164",45,"50,164",
South,KARNATAKA,MAYSORE,SHOBHA PAINTS,0,0,0,0,0,0,"1,794","1,794",45,"1,794",
South,KARNATAKA,HUBLI,MAHALAXMI HARDWARE & PAINTS,0,0,0,0,0,0,7,7,45,7,
South,KARNATAKA,DHARWAD,ALC CAR DECOR,0,0,0,0,0,0,"16,787","16,787",45,"16,787",
South,KARNATAKA,BENGALURU,FLIPKART ONLINE SERVICE PVT LTD,"547,976",0,0,0,0,0,0,"547,976",45,0,"52,241"
South,KARNATAKA,BENGALURU,MEESHO ONLINE SHOPPING,"27,908",387,0,0,0,0,0,"28,295",0,"28,295",
South,KERALA,CALICUT,SU SQUARE PROJECTS & INFRASTRUCTURE PVT. LTD.,"6,560",0,"4,920",0,"3,230",0,0,"14,710",45,"8,150",
South,KERALA,THIRUVANANTHAPURAM,DEVI STORES,0,0,0,0,0,0,884,884,45,884,
South,KERALA,CALICUT,K.S.RAMIAH CHETTY BROTHERS H\W,"14,775",0,0,0,0,0,"2,542","17,317",45,"2,542",
South,KERALA,THIRUVANANTHAPURAM,KERALA GLASS HOUSE,0,0,0,0,0,0,"125,160","125,160",45,"125,160",
South,KERALA,TRICHUR,M.L. ANTHAPPAN CO.,0,0,0,0,0,0,"1,591","1,591",45,"1,591",
South,KERALA,ERNAKULAM,RAM RAJ ENTERPRISES,0,0,0,0,0,0,660,660,45,660,
South,KERALA,MAHE,STAR PAINTS & H\W,0,0,0,0,0,0,"22,065","22,065",45,"22,065",
South,KERALA,KANNUR,K.L. ABDUL SATHAR TIMBER & PLYWOOD,0,0,0,0,0,0,"74,793","74,793",45,"74,793",
South,KERALA,THIRUVANANTHAPURAM,POOJA HARDWARE,0,0,0,0,0,0,"68,760","68,760",45,"68,760",
South,KERALA,ALUVA,POPULAR QUALITY PLYWOOD & GLASSES,0,0,0,0,0,0,"22,394","22,394",45,"22,394",
South,KERALA,TALIPARAMBA,CENTRAL GLASS HOUSE,0,0,0,0,0,0,"57,330","57,330",45,"57,330",
South,KERALA,VAILATHUR (DIST.MALAPPURAM),"SIGMA TRADING CO,",0,0,0,0,0,0,"1,385","1,385",45,"1,385",
South,KERALA,THIRUVANANTHAPURAM,SUNIL GLASS & HARDWARE,0,0,0,0,0,0,"35,340","35,340",45,"35,340",
South,KERALA,ERNAKULAM,ANAND HARDWARE,0,0,0,0,0,0,"3,261","3,261",45,"3,261",
South,KERALA,KATTAKADA,MERIT ENTERPRISES,0,0,0,0,0,0,"638,492","638,492",45,"638,492",
South,KERALA,KODUNGALLUR,AERO GENERALHARDWARE & LOCKS,0,0,0,0,0,0,221,221,45,221,
South,KERALA,CALICUT,BEST BUY CENTRE,0,0,0,0,0,0,"37,990","37,990",45,"37,990",
South,KERALA,ERNAKULAM,RAJASTHAN STONES,404,0,0,0,0,0,0,404,45,0,
West,M.P.,JABALPUR,AMBIKA TRADING CO.,0,0,"211,946","105,806",0,0,"1,171","318,923",45,"318,923",
West,M.P.,INDORE,ALIGARH MARKETING,0,0,0,"957,713","156,214",0,0,"1,113,927",45,"1,113,927","850,000"
West,M.P.,BHOPAL,BHARTIYA TRADERS,"123,251",0,0,0,0,0,0,"123,251",45,0,"15,074"
West,M.P.,BHOPAL,JANTA HARDWARES STORES,"18,635",0,0,0,0,0,0,"18,635",45,0,
West,M.P.,SATNA,KHURANA TRDERS,0,0,0,0,0,0,41,41,45,41,
West,M.P.,GWALIOR,RATAN AGENCIES,"98,743",0,0,0,0,0,0,"98,743",45,0,"389,339"
West,M.P.,INDORE,VASUDEV KISHAN DASS,"37,335",0,0,0,0,0,0,"37,335",45,0,
West,M.P.,BHOPAL,DEEPMALA HARDWARE,"30,723",0,0,0,0,0,0,"30,723",45,0,
West,M.P.,SATNA,OM PLY & SANITARY WARE,"26,898",0,0,0,0,0,0,"26,898",45,0,
West,M.P.,SAGAR,MAYARAM HARDWARE AND PLYWOOD,"65,015",0,0,0,0,0,0,"65,015",45,0,9
West,M.P.,BHOPAL,SATTAYAM TRADING CO,"8,287",0,0,0,0,0,0,"8,287",45,0,
West,M.P.,SATNA,GOYAL PLY & HARDWARE,0,0,0,0,0,0,289,289,45,289,
West,M.P.,BURHANPUR,SHAAMA HARDWARE STORE,"33,892",0,0,0,0,0,0,"33,892",45,0,
West,M.P.,JABALPUR,CHAURASIA HARDWARE,0,0,0,0,0,0,"1,249","1,249",45,"1,249",
West,M.P.,TIKAMGARH,ATUL SALES CORPORATION,"19,000",0,0,0,0,0,0,"19,000",45,0,
West,M.P.,JABALPUR,M. ALI TRADING CO.,0,0,0,0,0,0,"9,490","9,490",45,"9,490",
West,M.P.,CHHINDWARA,KASHMIR STORES,"44,695",0,0,0,0,0,0,"44,695",45,0,
West,M.P.,MORENA,KAMTANATH HARDWARE,"14,650",0,0,0,0,0,0,"14,650",45,0,"70,000"
West,M.P.,TIKAMGARH,S.K STEEL,"48,374",0,0,0,0,0,0,"48,374",45,0,
West,M.P.,SAGAR,CHANDANI HARDWARE STORES,0,0,0,0,0,0,228,228,45,228,
West,M.P.,SAGAR,SINGHAI HARDWARE & TOOLS,"256,073",0,0,0,0,0,0,"256,073",45,0,497
West,M.P.,SAGAR,GURUNANAK & COMPANY,"36,880",0,0,0,0,0,0,"36,880",45,0,
West,M.P.,INDORE,MADHYA BHARAT LOCK HOUSE,318,0,0,0,0,0,0,318,45,0,"62,547"
West,M.P.,KATNI,GOVIND ENTERPRISES,0,0,0,"18,248","100,801",0,0,"119,049",45,"119,049",
West,M.P.,BHIND,MAHARAJA ATECHI HOUSE,0,0,0,0,0,0,"1,113","1,113",45,"1,113",
West,M.P.,SHIVPURI,KHANDELWAL HARDWARE STORE,0,0,0,0,0,0,"5,671","5,671",45,"5,671",
West,M.P.,BHIND,BAJRANG H/W STORE,0,0,0,0,0,0,"4,895","4,895",45,"4,895",
West,M.P.,BINA,HI-TECH INDUSTRIAL TRADING,0,0,0,0,0,0,"5,455","5,455",45,"5,455",
West,M.P.,MORENA,BHANDARI HARDWARE,"5,614",0,0,0,0,0,0,"5,614",45,0,"67,998"
West,M.P.,GWALIOR,ASHOK LOHIYA MACHINERY STORE,0,0,0,0,0,0,"1,055","1,055",45,"1,055",
West,M.P.,GWALIOR,KHANDELWAL TRADING CO.,"65,679",0,0,0,0,0,0,"65,679",45,0,"63,426"
West,M.P.,DATIA,JAI SHEETLA TRADERS,"21,795",0,0,0,0,0,0,"21,795",45,0,
West,M.P.,SAGAR,BALEJA SHOPPING CENTRE,"27,350",0,0,0,0,0,0,"27,350",45,0,
West,M.P.,DATIA,SUDAMA HARDWARE STORES..,16,0,0,0,0,0,0,16,45,0,
West,M.P.,BHOPAL,KAMAL LOCK HOUSE..,"125,765",0,0,0,0,0,0,"125,765",45,0,"92,583"
West,M.P.,WAIDHAN,HARDWARE SOLUTIONS,0,0,"1,506",0,0,0,0,"1,506",45,"1,506",
West,M.P.,NEEMUCH,HUSSAINI IRON STORE,0,0,0,0,0,0,183,183,45,183,
West,M.P.,REWA,ANJALI TRADERS.,"371,778",0,0,0,0,0,0,"371,778",45,0,
West,MAHARASHTRA,NANDED,NATIONAL HARDWARE CENTRE,"17,500",0,0,0,0,0,0,"17,500",45,0,
West,MAHARASHTRA,SATARA,VISHWAKARMA PLYWOOD & H/W,0,0,0,"3,220",0,0,0,"3,220",45,"3,220","15,957"
West,MAHARASHTRA,AKOLA,RADHASOAMI HARDWARE,"186,035",0,0,0,0,0,0,"186,035",45,0,
West,MAHARASHTRA,PARLI VAIJNATH,RAMESH & BROTHERS,0,0,"29,368",0,0,0,0,"29,368",45,"29,368",
West,MAHARASHTRA,MUMBAI ( MALAD-WEST),SOLITAIRE CONSTRUCTIONS,0,0,0,0,0,0,"39,503","39,503",45,"39,503",
West,MAHARASHTRA,PUNE,PASSION BRASS FITTINGS,"15,626",0,0,0,0,0,0,"15,626",45,0,
West,MAHARASHTRA,NAGPUR,BOMBAY PIPE TRADERS,"119,427",0,"5,753",0,0,0,0,"125,180",45,"5,753","25,139"
West,MAHARASHTRA,NASHIK,B.F.ENTERPRISES,"182,258",0,0,0,0,0,0,"182,258",45,0,"50,840"
West,MAHARASHTRA,NANDED,M.D. HARDWARE,0,0,0,0,0,0,"10,963","10,963",45,"10,963","10,000"
West,MAHARASHTRA,BHUSAWAL,HAJI HASAN ALI KADIR BHAI & CO.,0,0,0,0,0,0,596,596,45,596,
West,MAHARASHTRA,JALNA,KALPANA TRADERS,0,0,"7,058",0,0,0,0,"7,058",45,"7,058",
West,MAHARASHTRA,PARBHANI,A.RAHIM TRADING CO.,"63,569",0,0,0,0,0,0,"63,569",45,0,"20,000"
West,MAHARASHTRA,PUNE,SANDESH SALES CORPORATION,"21,261",0,0,0,0,0,0,"21,261",45,0,"200,000"
West,MAHARASHTRA,KOLHAPUR,LUCKY STORES,0,"10,769",0,0,0,0,0,"10,769",45,"10,769","10,000"
West,MAHARASHTRA,JALGAON,ZAIN HARDWARE,0,0,0,0,0,0,"13,676","13,676",45,"13,676",
West,MAHARASHTRA,ICHALKARANJI,THE ICHALKARANJI HARDWARE,"26,963",0,0,0,0,0,0,"26,963",45,0,"9,361"
West,MAHARASHTRA,NANDED,AGARWAL PROVISION STORE..,"14,848",0,0,0,0,0,0,"14,848",45,0,"23,406"
West,MAHARASHTRA,MUMBAI,J.K. TRADING CORPORATION,"838,877",0,0,0,0,0,0,"838,877",45,0,"504,118"
West,MAHARASHTRA,PUNE,GENUINE HARDWARE,0,2,0,0,0,0,0,2,45,2,"14,848"
West,MAHARASHTRA,PIMPARI,BOMBAY GENERAL & LOCK HOUSE,0,0,0,0,0,0,"1,046","1,046",45,"1,046",
West,MAHARASHTRA,JALGAON,ALLRICH BUSINESS CORPORATION,0,0,"165,262","3,349",0,0,0,"168,611",45,"168,611","379,425"
West,MAHARASHTRA,NANDED,SHREE CHAITANYA AGENCIES,"42,715",0,0,0,0,0,0,"42,715",45,0,"73,250"
West,MAHARASHTRA,PARLI VAIJNATH,NEW GAJANAN TRADERS,0,0,0,0,0,0,"1,942","1,942",45,"1,942",
West,MAHARASHTRA,BEED,JAWKAR HARDWARE,0,0,0,0,0,0,451,451,45,451,
West,MAHARASHTRA,JALNA,ADINATH HARDWARE & STEEL TRADERS,0,0,0,0,105,0,0,105,45,105,
West,MAHARASHTRA,PUNE,POONA LOCK CENTRE,"67,305",0,0,0,0,0,0,"67,305",45,0,"27,920"
West,MAHARASHTRA,NAGPUR,OM SHREE H/W BAZAR,0,0,0,0,0,0,"1,732","1,732",45,"1,732",
West,MAHARASHTRA,NAGPUR,ANIL CORNER,0,0,0,0,0,0,"29,222","29,222",45,"29,222",
West,MAHARASHTRA,LATUR,GOYAL ENTERPRISES,"45,565",0,0,0,0,0,0,"45,565",45,0,
West,MAHARASHTRA,KOLHAPUR,SHRI SHIV KARUPA HARDWARE,0,"17,327","127,174",0,0,0,0,"144,501",45,"144,501",
West,MAHARASHTRA,AURANGABAD,GOODLUCK HARDWARE,"11,681",0,0,0,0,0,0,"11,681",45,0,"24,252"
West,MAHARASHTRA,NAGPUR,NOOR & SONS,0,0,794,0,0,0,0,794,45,794,"31,794"
West,MAHARASHTRA,PARBHANI,AGRAWAL GLASS CENTRE,0,0,"66,283",0,0,0,0,"66,283",45,"66,283",
West,MAHARASHTRA,KOLHAPUR,THE KOLHAPUR CYCLE COMPANY,"29,774",0,0,0,0,0,0,"29,774",45,0,
West,MAHARASHTRA,GONDIA,RAMDEV CHEMICALS ENTERPRISES,0,0,0,"2,065",0,0,0,"2,065",45,"2,065",
West,MAHARASHTRA,PUNE,MR. KEDAR TEREDESAI,0,0,0,0,0,0,"2,058","2,058",45,"2,058",
West,MAHARASHTRA,MUMBAI,Jio Mart,"11,654",0,0,0,0,0,0,"11,654",0,"11,654",
East,MEGHALAYA,SHILLONG,DECORA ENTERPRISES,0,0,0,0,0,0,"10,015","10,015",45,"10,015",
East,NAGALAND,DIMAPUR,DIMAPUR H\W & ELECTRICAL STORE,0,0,0,0,0,0,"44,138","44,138",45,"44,138",
East,NAGALAND,DIMAPUR,K.M. DASS & CO.,0,0,0,0,71,0,0,71,45,71,
East,NAGALAND,DIMAPUR,VISHNU H/W & ELECTRICAL STORE,0,0,0,280,0,0,0,280,45,280,
East,NAGALAND,DIMAPUR,JAGDISH BANDAR,0,0,0,0,0,0,"1,433","1,433",45,"1,433",
East,NAGALAND,DIMAPUR,S.S HARDWARE AND PAINT HOUSE,0,"101,452",0,0,0,0,0,"101,452",45,"101,452",
East,ODISHA,CUTTACK,FARAZ ENTERPRISES,0,"21,441",0,0,0,0,0,"21,441",45,"21,441",
East,ODISHA,KENDRAPADA,MR. PRASANJIT SAHOO,"2,168",0,0,0,0,0,0,"2,168",0,"2,168",
East,ODISHA,BALASORE,ACHARYA ENTERPRISES,"164,023",0,0,0,0,0,0,"164,023",45,0,"204,475"
East,ODISHA,JAJPUR,KALINGA HARDWARE AND DECORS,"41,546",0,0,0,0,0,0,"41,546",45,0,"36,935"
East,ODISHA,CUTTACK,TAJ AGENCIES,"146,965",0,0,0,0,0,0,"146,965",45,0,"169,233"
East,ODISHA,SAMBALPUR,TIRUPATI ENTERPRISES,"108,053",0,0,0,0,0,0,"108,053",45,0,
East,ODISHA,KEONJHAR,SHARMA PLY AND HARDWARE,"31,794",0,0,0,0,0,0,"31,794",45,0,
East,ODISHA,BARGARH,BIKASH IRON STORE,"22,102",0,0,0,0,0,0,"22,102",45,0,
East,ODISHA,BARGARH,SHREE PLY HOME,"21,911",0,0,0,0,0,0,"21,911",45,0,"343,524"
East,ODISHA,JHARSUGUDA,AVINASH LOGISTIC,"310,569",0,0,0,0,0,0,"310,569",45,0,"315,000"
East,ODISHA,JEYPORE,SUDAMA HOMES,"131,671",0,0,0,0,0,0,"131,671",45,0,
East,ODISHA,BALASORE,ORISSA CYCLE STORE,"47,368",0,0,0,0,0,0,"47,368",45,0,
East,ODISHA,CUTTACK,SHAH CYCLE STORE,"128,574",0,0,0,0,0,0,"128,574",45,0,"160,596"
East,ODISHA,CUTTACK,POPULAR CYCLE STORE,"636,102",0,0,0,0,0,0,"636,102",45,0,
East,ODISHA,CUTTACK,LAXMI NARAYAN CYCLE STORE,"199,546",0,0,0,0,0,0,"199,546",45,0,
East,ODISHA,JAJPUR,LAXMI CYCLE SUPPLY,0,0,0,0,15,0,0,15,45,15,
East,ODISHA,CUTTACK,MADHAVI CYCLE & ELECTERICAL STORE..,"642,384",0,0,0,0,0,0,"642,384",45,0,"320,221"
East,ODISHA,DHENKANAL,SEN CYCLE STORE..,"546,802",0,0,0,0,0,0,"546,802",45,0,"737,965"
East,ODISHA,BALANGIR,JANATA IRON STORE,"86,602",0,0,0,0,0,0,"86,602",0,"86,602",
North,PUNJAB,BATHINDA,ANANT RAM SAT PAL,"113,521",0,0,0,0,0,0,"113,521",45,0,
North,PUNJAB,AMRITSAR,BALDEV DASS NARAIN DASS,"273,673",0,0,0,0,0,0,"273,673",45,0,"108,918"
North,PUNJAB,BATALA,BUA DASS HARI CHAND,"74,874",0,0,0,0,0,0,"74,874",45,0,
North,PUNJAB,MOGA,DIN DAYAL AJAY KUMAR,"24,602","8,607","21,318",0,0,0,0,"54,527",45,"29,925","58,155"
North,PUNJAB,SANGRUR,GURUNANAK GLASS HOUSE,0,606,0,0,0,0,0,606,45,606,
North,PUNJAB,JALANDHAR,HAZUR SINGH & SONS,"11,017",0,0,0,0,0,0,"11,017",45,0,
North,PUNJAB,JALANDHAR,HINDUSTAN SECURITY PRODUCTS,"32,360","2,699","61,535",0,0,0,0,"96,594",45,"64,234","118,125"
North,PUNJAB,KHANNA,HUKUM CHAND SOOD & SONS TRADERS P. LTD.,0,0,0,0,0,0,"16,992","16,992",45,"16,992",
North,PUNJAB,AMRITSAR,JAGANNATH & SONS,"76,929",0,0,0,0,0,0,"76,929",45,0,"67,503"
North,PUNJAB,JALANDHAR,KAPOOR TRADERS,"18,248",0,0,0,0,0,0,"18,248",45,0,"34,684"
North,PUNJAB,BATALA,LAKSHMI IRON STORE,"37,356",0,0,0,0,0,0,"37,356",45,0,
North,PUNJAB,LUDHIANA,MAYYA DASS HARBANS LAL,0,0,0,152,0,0,0,152,45,152,"22,121"
North,PUNJAB,JALANDHAR,PLYS INN,"85,187",0,0,0,0,0,0,"85,187",45,0,
North,PUNJAB,MOGA,RAM GOPAL VED PRAKASH,"58,470",0,0,0,0,0,0,"58,470",45,0,"22,160"
North,PUNJAB,SHAHKOT,RATTAN SINGH AND SONS,"20,333",0,0,0,0,0,0,"20,333",45,0,
North,PUNJAB,JALANDHAR,SANT SINGH TRILOK SINGH,"63,617",0,0,0,0,0,0,"63,617",45,0,"5,062"
North,PUNJAB,JALANDHAR,SANTOSH KUMAR SUDARSHAN KUMAR JAIN,"192,817",0,0,0,0,0,0,"192,817",45,0,"257,983"
North,PUNJAB,PATIALA,SHIVA ALUMINIUM & PLYWOOD,"54,252",0,0,0,0,0,0,"54,252",45,0,"13,410"
North,PUNJAB,BATALA,KASTURI LAL & SONS,0,"92,306",0,0,0,0,0,"92,306",45,"92,306","42,671"
North,PUNJAB,AMRITSAR,MELA MAL SULAKHAN MAL,"16,081",0,0,0,0,0,0,"16,081",45,0,"20,000"
North,PUNJAB,BATHINDA,AALISHAN GLASS & PLY HOUSE,"2,508",0,0,0,0,0,0,"2,508",45,0,"36,495"
North,PUNJAB,KOTKAPURA,DESRAJ FAQUIR CHAND,0,0,0,14,0,0,0,14,45,14,
North,PUNJAB,PHAGWARA,VERMA & VERMA,"16,657",0,0,0,0,0,0,"16,657",45,0,"50,000"
North,PUNJAB,BARNALA,MODERN PLY EMPORIUM,0,0,"18,291",0,0,0,0,"18,291",45,"18,291",
North,PUNJAB,AMRITSAR,FANCY HARDWARE STORE,"74,693",0,0,0,0,0,0,"74,693",45,0,"39,465"
North,PUNJAB,GORAYA,CHABRA TIMBER & PLYWOOD,"25,128",0,0,0,0,0,0,"25,128",45,0,
North,PUNJAB,NANGAL,CAPITAL PAINT AND H/W STORE,"11,426",0,0,0,0,0,0,"11,426",45,0,"10,682"
North,PUNJAB,GURDASPUR,PURI PLYWOODS,0,0,0,0,0,0,73,73,45,73,
North,PUNJAB,PATHANKOT,KAKARAM SARDARI LAL,0,0,"7,354",0,0,0,0,"7,354",45,"7,354",
North,PUNJAB,JALANDHAR,KUMAR SONS,"1,762,814",0,0,0,0,0,0,"1,762,814",45,0,"930,000"
North,PUNJAB,AMRITSAR,ALLIED BUSINESS CENTRE,0,0,"386,034","1,115,937","318,744","877,153","1,256,900","3,954,768",45,"3,954,768","300,000"
North,PUNJAB,MALERKOTLA,JINDAL H/W & PLYWOOD,0,0,"8,064",0,0,0,0,"8,064",45,"8,064",
North,PUNJAB,SANGRUR,SHIVAM PAINTS & H/W STORE,"189,077",0,0,0,0,0,0,"189,077",45,0,
North,PUNJAB,GARHSHANKAR,DHIR TRADERS,0,0,613,0,0,0,0,613,45,613,
North,PUNJAB,JALALABAD,JASUJA PLYWOOD,0,0,0,265,0,0,0,265,45,265,
North,PUNJAB,KAPURTHALA,CHARANJEET SINGH & SONS,"60,292",0,0,0,0,0,0,"60,292",45,0,
North,PUNJAB,JALANDHAR,S.H TRADERS,"28,136",0,0,0,0,0,0,"28,136",45,0,"90,936"
North,PUNJAB,HOSHIARPUR,SHADI LAL SETHI & SONS,"22,056",0,0,0,0,0,0,"22,056",45,0,
North,PUNJAB,PATIALA,SOOD PLYWOOD CO.,"53,723","72,150",0,0,0,0,0,"125,873",45,"72,150","25,000"
North,PUNJAB,GURDASPUR,WAHLA GLASS & PLYWOOD AGENCY,"40,877",0,0,0,0,0,0,"40,877",45,0,"32,188"
North,PUNJAB,ABOHAR,NARAIN DASS GIAN CHAND,"16,698",0,0,0,0,0,0,"16,698",45,0,
North,PUNJAB,PATHANKOT,GUPTA HARDWARE STORE,"10,218",0,0,0,0,0,0,"10,218",45,0,"16,232"
North,PUNJAB,PATIALA,ABHEY HARDWARE STORES..,"51,337",0,0,0,0,0,0,"51,337",45,0,"20,760"
North,PUNJAB,AHMEDGARH,ANIL INDUSTRIES,"76,272",0,0,0,0,0,0,"76,272",45,0,
North,PUNJAB,BUDHLADA,LAKHPAT RAI DAYA CHAND JAIN,0,0,0,0,0,0,58,58,45,58,
North,PUNJAB,AMRITSAR,P.K TRADING CO.,"69,818",0,0,0,0,0,0,"69,818",45,0,10
North,PUNJAB,PHAGWARA,NANGLA HARDWARE STORE..,"23,460","80,855",0,0,0,0,0,"104,315",45,"80,855","37,000"
North,PUNJAB,LUDHIANA,B.K HARDWARE ENTERPRISES..,"687,487",0,0,0,0,0,0,"687,487",45,0,"300,000"
North,PUNJAB,RAJPURA TOWN,SANJAY IRON STORE,"10,677",0,0,0,0,0,0,"10,677",45,0,
North,PUNJAB,JALANDHAR,KHANNA INDUSTRIAL CORPORATION,"9,769",0,0,0,0,0,0,"9,769",45,0,"6,509"
North,PUNJAB,MOHALI,DURGA PLYWOOD & SANITARY STORE,"13,048",0,0,0,0,0,0,"13,048",45,0,"700,000"
North,PUNJAB,ROPAR,PREM LOCK HOUSE.,"166,822",0,0,0,0,0,0,"166,822",45,0,"472,376"
North,RAJASTHAN,JAIPUR,ALIGARH TRADE LINK,0,0,0,"1,776,421","415,372",0,0,"2,191,793",45,"2,191,793","400,000"
North,RAJASTHAN,SRIGANGANAGAR,BAHADUR CHAND CHAGAN LAL,0,0,0,0,0,0,"50,327","50,327",45,"50,327",
North,RAJASTHAN,KOTA,BOMBAY H/W & GEN.STORE,0,0,0,0,0,0,"34,521","34,521",45,"34,521",
North,RAJASTHAN,BIKANER,CHANDAK & CO.,0,0,0,0,0,0,"91,113","91,113",45,"91,113",
North,RAJASTHAN,AJMER,CHETRAM DHANSUKH LAL JAIN,0,0,0,0,0,0,"19,960","19,960",45,"19,960",
North,RAJASTHAN,JAIPUR,GOYAL SALES INDIA,0,0,0,0,0,0,"4,123","4,123",45,"4,123",
North,RAJASTHAN,SRIGANGANAGAR,INDIA IRON STORE,0,0,0,0,0,0,359,359,45,359,
North,RAJASTHAN,JODHPUR,JODHPUR H/W HOUSE,0,0,0,0,0,0,"56,641","56,641",45,"56,641",
North,RAJASTHAN,UDAIPUR,"QADAR JI RASSIYA JI CO,",0,0,0,0,0,0,"93,857","93,857",45,"93,857",
North,RAJASTHAN,JAIPUR,RAJ KUMAR VISHAN DAS,0,0,0,0,0,0,"2,671","2,671",45,"2,671",
North,RAJASTHAN,SRIGANGANAGAR,SETHI SONS,"71,497",0,0,0,0,0,0,"71,497",45,0,
North,RAJASTHAN,AJMER,SUSHEEL HARDWARE STORE,"27,382",0,0,0,0,0,0,"27,382",45,0,"8,185"
North,RAJASTHAN,UDAIPUR,HAKIM TRADERS,0,0,0,0,0,0,"142,912","142,912",45,"142,912",
North,RAJASTHAN,HANUMANGARH,CHINTPURNI TRADERS,0,0,0,0,0,0,"33,651","33,651",45,"33,651",
North,RAJASTHAN,JAIPUR,DELHI HARDWARE,"31,759",0,0,0,0,0,0,"31,759",45,0,
North,RAJASTHAN,UDAIPUR,DECOR INDIA,0,0,0,0,0,0,"304,433","304,433",45,"304,433",
North,RAJASTHAN,JODHPUR,LARSEN & TOUBRO LIMITED,0,0,0,0,0,0,"1,188","1,188",45,"1,188",
North,RAJASTHAN,JODHPUR,HARDWARE HOUSE,0,0,0,0,0,0,"45,079","45,079",45,"45,079",
North,RAJASTHAN,JODHPUR,SHREE ASHAPURA HARDWARE & SANITARY,0,0,0,0,0,0,634,634,45,634,
North,RAJASTHAN,JAIPUR,DHYAVANA HARDWARE HPUSE,0,0,0,0,0,0,"55,273","55,273",45,"55,273",
North,RAJASTHAN,JAIPUR,RAJ KUMAR VISHAN DAS & SONS,0,0,0,0,0,0,"29,782","29,782",45,"29,782",
North,RAJASTHAN,JAIPUR,RAJ KUMAR VISHAN DASS CORPORATION,"16,946",0,0,0,0,0,0,"16,946",45,0,
North,RAJASTHAN,BIKANER,MEGHRAJ DHANRAJ,0,0,0,0,0,0,"1,250","1,250",45,"1,250",
North,RAJASTHAN,UDAIPUR,DECOR INDIA..,0,0,0,0,0,0,"70,769","70,769",45,"70,769",
North,RAJASTHAN,SRIGANGANAGAR,MITTAL TRADERS,0,0,0,0,0,0,"5,842","5,842",45,"5,842",
North,RAJASTHAN,KOTA,NARESH TRADERS,"16,032",0,0,0,0,0,0,"16,032",45,0,
North,RAJASTHAN,AJMER,AJMER CUTLERY STORE,"31,794",0,0,0,0,0,0,"31,794",45,0,
North,RAJASTHAN,KOTA,KEWAL RAM GOVIND RAM H/W PAINTS,0,0,0,0,0,0,"4,544","4,544",45,"4,544",
North,RAJASTHAN,DUNGARPUR,BURHANUDDIN H/W & TOOLS,0,0,0,0,0,0,704,704,45,704,
North,RAJASTHAN,SRIGANGANAGAR,PRATEEK SALES CORPORATION,0,0,0,0,0,0,800,800,45,800,
North,RAJASTHAN,JAIPUR,SOUTH EASTERN ROAD CARRIER,0,0,0,0,0,0,"66,668","66,668",45,"66,668",
North,RAJASTHAN,JAIPUR,SHIV SHAKTI PLYWOODS,0,0,0,0,0,0,383,383,45,383,
North,RAJASTHAN,KOTA,IRFAN LOCK HOUSE,0,0,0,0,0,0,"30,196","30,196",45,"30,196",
North,RAJASTHAN,SIKAR,SIKAR HARDWARE AND PLYWOOD,"35,505",0,0,0,0,0,0,"35,505",45,0,
North,RAJASTHAN,KISHANGARH,SHARMA HARDWARE,0,0,0,0,0,0,"33,696","33,696",45,"33,696",
South,TAMIL NADU,CHENNAI,LINK AGENCY,0,0,0,"1,019,388","464,869","374,452","1,940,037","3,798,746",45,"3,798,746","525,000"
South,TAMIL NADU,ADAIKKAKUZHI,STAR H/W,0,0,0,0,0,0,"97,132","97,132",45,"97,132",
South,TAMIL NADU,COIMBATORE,KNOBS SHOP,0,0,0,0,0,0,"2,637","2,637",45,"2,637",
South,TAMIL NADU,MADURAI,NARESH HARDWARE,0,0,0,0,0,0,"3,247","3,247",45,"3,247",
South,TAMIL NADU,SALEM,SHANKER HARDWARES,0,0,0,0,0,0,"12,189","12,189",45,"12,189",
South,TAMIL NADU,COIMBATORE,THE INTERIOR SHOP,0,0,0,0,0,0,"200,000","200,000",45,"200,000",
South,TAMIL NADU,COIMBATORE,NARAYAN LOCKS (INDIA),0,0,0,0,0,0,"89,606","89,606",45,"89,606",
South,TAMIL NADU,COIMBATORE,MY INTERIOR SHOP,0,0,0,0,0,0,"652,386","652,386",45,"652,386",
South,TAMIL NADU,ERODE,MAHESH HARDWARE,0,0,0,0,0,0,"186,291","186,291",45,"186,291",
South,TAMIL NADU,VELLORE,"R. KRISHNA SWAMY MUDALIOR & CO,",0,0,0,0,0,0,"15,276","15,276",45,"15,276",
South,TAMIL NADU,ERODE,TIRUPATHY PLYWOOD,0,0,0,0,0,0,"2,345","2,345",45,"2,345",
South,TAMIL NADU,MADURAI,"TAMIL NADU PLYWOOD & CO,",0,0,0,0,0,0,"22,275","22,275",45,"22,275",
South,TAMIL NADU,ERODE,NATIONAL HARDWARE,0,0,0,0,0,0,"49,308","49,308",45,"49,308",
South,TAMIL NADU,PUDUCHERRY,VIJAYA GANAPATHY STORES,0,0,0,0,0,0,"24,337","24,337",45,"24,337",
South,TAMIL NADU,COIMBATORE,LAKSHMI HARDWARES,0,0,0,0,0,0,"6,414","6,414",45,"6,414",
South,TAMIL NADU,MADURAI,GANESH HARDWARE,0,0,0,0,0,0,"11,921","11,921",45,"11,921",
South,TAMIL NADU,SALEM,SRI SHANKAR HARDWARES,0,0,0,0,0,0,"46,157","46,157",45,"46,157",
South,TAMIL NADU,COIMBATORE,VAKRANGEE HARDWARE,0,0,0,0,0,0,933,933,45,933,
South,TAMIL NADU,MADURAI,BHANDARI PLYWOOD & GLASS,0,0,0,0,0,0,460,460,45,460,
South,TAMIL NADU,COIMBATORE,JAYALAKSHMI GLASS & PLYWOODS,0,0,0,0,0,0,"152,240","152,240",45,"152,240",
South,TAMIL NADU,CHENNAI,PERUMUKAL M. SRINIVASAN & SONS,0,0,0,0,0,0,"1,010","1,010",45,"1,010",
South,TAMIL NADU,CHENNAI,AR-REHMAN HARDWARES,0,0,0,0,0,0,"2,875","2,875",45,"2,875",
South,TAMIL NADU,MADURAI,TAMILNADU PLYWOODS,0,0,0,0,0,0,"10,000","10,000",45,"10,000",
South,TAMIL NADU,NAGERCOIL,SUNDHA HARDWARE,0,0,0,0,0,0,"1,069","1,069",45,"1,069",
South,TAMIL NADU,KRISHNAGIRI,JAY ELECTRICALS,0,0,0,0,0,0,496,496,45,496,
South,TAMIL NADU,CHENNAI,SOUTH INDIA CORPORATION,"293,276",0,0,0,0,0,0,"293,276",45,0,"532,652"
South,TELANGANA,HYDERABAD,ATA AGENCIES,0,0,0,"1,377,991","1,808,177","1,114,765",0,"4,300,933",45,"4,300,933","100,000"
East,TRIPURA,AGARTALA,KAR AGENCIES,0,0,0,"32,455",0,0,0,"32,455",45,"32,455","50,000"
East,TRIPURA,AGARTALA,NIYOTI ENTERPRISES,"39,938",0,0,0,0,0,0,"39,938",45,0,"1,193,702"
East,TRIPURA,AGARTALA,SATYA NARAYAN H/W STORE,0,0,0,0,0,0,"207,184","207,184",45,"207,184",
East,TRIPURA,AGARTALA,SHIVAM H/W,0,0,0,0,0,0,"93,131","93,131",45,"93,131","458,409"
East,TRIPURA,DHARMANAGAR,NARAYAN STROES,0,0,0,"17,042",0,0,0,"17,042",45,"17,042",
East,TRIPURA,AGARTALA,JEET HARDWARES,0,0,0,0,0,0,605,605,45,605,
East,TRIPURA,AGARTALA,RADHA TRADERS,0,0,0,0,0,0,56,56,45,56,
East,TRIPURA,AGARTALA,SAROJINI FORMICA HOUSE,0,"178,094","50,302",0,0,0,0,"228,396",45,"228,396",
East,TRIPURA,AGARTALA,BISHWANATH TRADERS,0,0,"162,217","89,073",0,0,0,"251,290",45,"251,290",
East,TRIPURA,AGARTALA,ADI BISWANATH STORE,0,"16,425",0,0,0,0,0,"16,425",45,"16,425",
East,TRIPURA,DHARMANAGAR,PRANATI ENTERPRISES,0,0,0,0,0,0,"136,631","136,631",45,"136,631",
East,TRIPURA,AGARTALA,RAJU HARDWARE STORES,0,0,0,0,0,0,"143,000","143,000",45,"143,000",
East,TRIPURA,DHARMANAGAR,DEB STORES,0,0,0,"22,328",0,0,0,"22,328",45,"22,328",
East,TRIPURA,AGARTALA,KALI MATA HARDWARE,0,0,0,0,0,0,"19,044","19,044",45,"19,044",
East,TRIPURA,AGARTALA,PARASMANI ENTERPRISES..,"737,946",0,0,0,0,0,"146,534","884,480",45,"146,534","100,000"
East,TRIPURA,AGARTALA,GOPINATH TRADERS,0,0,"165,701",0,0,0,0,"165,701",45,"165,701","50,000"
East,TRIPURA,AGARTALA,NEW GOPI NATH STORE,0,"25,177","108,322",0,0,0,0,"133,499",45,"133,499","120,000"
East,TRIPURA,AGARTALA,AMBIKA ENTERPRISES,0,0,0,0,0,"137,423",0,"137,423",45,"137,423",
East,TRIPURA,AGARTALA,UNITED TRADING CO.,0,0,0,0,0,"5,900",0,"5,900",45,"5,900","120,078"
East,TRIPURA,DHARMANAGAR,SHAMANANDA STORES,"50,247",0,0,0,0,0,0,"50,247",45,0,"10,149"
East,TRIPURA,AGARTALA,JEET HARDWARE STORE,"116,261",0,"7,270",0,0,0,0,"123,531",45,"7,270","50,000"
East,TRIPURA,AGARTALA,NEW BHANU TIMBER & PLYWOOD CENTRE..,0,"135,383",0,0,0,0,0,"135,383",45,"135,383",
East,TRIPURA,DHARMANAGAR,SUPRAVA HARDWARE STORES,0,0,0,0,0,0,"51,728","51,728",45,"51,728",
EXP,U.A.E.,DUBAI,NAJAF HARDWARE TRADING L.L.C.,0,0,"4,611,496","4,282,716",0,0,0,"8,894,212",45,"8,894,212",
North,U.P.,ALIGARH,CASH CUSTOMER,"34,884",0,0,0,0,0,0,"34,884",45,0,"1,444"
North,U.P.,ALIGARH,HQ SOLUTION,0,0,0,0,0,0,"4,002","4,002",45,"4,002",
North,U.P.,ALIGARH,CLOUD CHAIN,0,0,0,0,0,0,"38,739","38,739",45,"38,739",
North,U.P.,ALIGARH,B.H.K TRADERS,0,0,0,0,0,0,"10,436","10,436",45,"10,436",
North,U.P.,ALIGARH,HIND AUTO MOBILES,"8,295",0,0,0,0,0,0,"8,295",45,0,"16,416"
North,U.P.,ALIGARH,SUPER METAL WORKS,0,0,0,0,0,0,481,481,45,481,
North,U.P.,ALIGARH,NATH AND COMPANY,"68,534",0,0,0,0,0,0,"68,534",45,0,"14,628"
North,U.P.,ALIGARH,MARCCO LOCKS,"29,794",0,0,0,0,0,0,"29,794",45,0,
North,U.P.,LUCKNOW,NCC LIMITED,0,0,238,0,0,0,0,238,45,238,
North,U.P.,ALIGARH,ABHA INDUSTRIES,"5,900",0,0,0,0,0,0,"5,900",0,"5,900",
North,U.P.,MATHURA,MR. PIYUSH MITTAL,"1,920",0,0,0,0,0,0,"1,920",0,"1,920",
North,U.P.,NOIDA,AMAZON SELLER SERVICES PVT. LTD.,"1,704,866","50,417","31,881",0,0,0,0,"1,787,164",45,"82,298","21,215"
North,U.P.,AGRA,SHRI DIN DAYAL & SONS,"50,837",0,0,0,0,0,0,"50,837",45,0,"104,441"
North,U.P.,AGRA,FATEHCHAND BHAGWANDAS,"80,903",0,0,0,0,0,0,"80,903",45,0,"18,143"
North,U.P.,AGRA,FATEH CHAND LUXMI NARAYAN&SONS,0,0,"70,317",0,0,0,0,"70,317",45,"70,317",
North,U.P.,AGRA,LATA H/W STORES,"11,641","34,302","15,047",0,0,0,0,"60,990",45,"49,349",
North,U.P.,AGRA,NEERAJ SALES CORPORATION,"84,284",0,0,0,0,0,0,"84,284",45,0,"68,977"
North,U.P.,AGRA,SHUBHAM H/W & AGRICULTURE,0,"97,883",0,0,0,0,0,"97,883",45,"97,883",
North,U.P.,AGRA,"SWASTIK HARDWARE & SCALE CO.,","568,491",0,0,0,0,0,0,"568,491",45,0,"56,141"
North,U.P.,ALLAHABAD,SHREE KRISHNA LOCK HOUSE,"372,695",0,0,0,0,0,0,"372,695",45,0,"423,260"
North,U.P.,ALLAHABAD,UNITED TRADERS,0,"20,060",0,0,0,0,0,"20,060",45,"20,060",
North,U.P.,AMROHA,FINE GLASS & PLYWOOD CENTRE,"34,284",0,0,0,0,0,0,"34,284",45,0,
North,U.P.,BADAUN,VOHRA GLASS & PLYWOOD,0,0,"42,926","50,856",0,0,0,"93,782",45,"93,782","41,900"
North,U.P.,BADAUN,VOHRA PLYWOOD EMPORIUM,0,0,0,6,0,0,0,6,45,6,"38,827"
North,U.P.,BAHRAICH,NEW GLASS STORES,0,0,0,0,0,0,578,578,45,578,
North,U.P.,BAREILLY,KHANDELWAL SALES CORPN.,0,"14,310","2,670",0,0,0,0,"16,980",45,"16,980",
North,U.P.,DEORIA,AGGARWAL PLY & H\W.,0,0,"2,316",0,0,0,0,"2,316",45,"2,316","145,000"
North,U.P.,FARRUKHABAD,PRAYAG NARAYAN DWARIKA NARAYAN,"221,189",0,0,0,0,0,0,"221,189",45,0,"91,831"
North,U.P.,GORAKHPUR,LOCK & LIGHT,"171,496",0,0,0,0,0,0,"171,496",45,0,
North,U.P.,HAPUR,VIJENDRA KUMAR ANUJ KUMAR,"19,645",0,0,0,0,0,0,"19,645",45,0,"41,266"
North,U.P.,JHANSI,AGARWAL & SONS,"61,548",0,0,0,0,0,0,"61,548",45,0,"55,995"
North,U.P.,JHANSI,"HOLA RAM CHOLA RAM,",0,0,0,0,0,0,51,51,45,51,
North,U.P.,LALITPUR,PRASHANT TRADERS,"162,777",0,0,1,0,0,0,"162,778",45,1,"48,803"
North,U.P.,LUCKNOW,ALIGARH TRADERS,"61,151",0,0,0,0,0,0,"61,151",45,0,"22,164"
North,U.P.,LUCKNOW,SADAFAL H\W STORES,"21,562",0,0,0,0,0,0,"21,562",45,0,
North,U.P.,MATHURA,UNITED GLASS & PLYWOOD,"61,909",0,0,0,0,0,0,"61,909",45,0,"78,489"
North,U.P.,MEERUT,HARDWARI LAL DESH BHUSHAN,0,0,"22,731",0,0,0,0,"22,731",45,"22,731","52,430"
North,U.P.,MORADABAD,GANGA PLYWOOD & H/W STORES,0,0,0,300,0,0,0,300,45,300,
North,U.P.,MORADABAD,SHIV OM HARDWARE,0,0,0,"2,600",0,0,0,"2,600",45,"2,600",
North,U.P.,MUZAFFARNAGAR,BAJRANG STEEL & H\W,0,0,0,"6,575",0,0,0,"6,575",45,"6,575",
North,U.P.,MUZAFFARNAGAR,KAPOOR H/W STORE,0,"39,372","104,752",861,0,0,0,"144,985",45,"144,985",
North,U.P.,NOIDA,A.K. ENTERPRISES,0,0,0,0,0,0,"33,122","33,122",45,"33,122",
North,U.P.,PADRAUNA,GARG H/W,0,0,0,0,0,0,39,39,45,39,
North,U.P.,PILIBHIT,AGGARWAL PLYWOOD & GLASS CENT.,0,0,"27,374",0,0,0,0,"27,374",45,"27,374","35,000"
North,U.P.,RAEBARELI,BHARAT PLY & H/W CENTRE,0,0,0,567,0,0,0,567,45,567,
North,U.P.,SAHARANPUR,GOOD LUCK HARDWARE,"31,501",0,0,0,0,0,0,"31,501",45,0,"13,019"
North,U.P.,SAHARANPUR,LAKHMI DASS HUKUMAT RAI,0,"109,529","5,433",0,0,0,0,"114,962",45,"114,962",
North,U.P.,SAHARANPUR,SWASTIK SALES,0,0,0,0,"5,113",0,0,"5,113",45,"5,113",
North,U.P.,SAMBHAL,JANTA PLYWOOD HOUSE,"31,186",0,0,0,0,0,0,"31,186",45,0,
North,U.P.,SHAHGANJ,NATRAJ HARDWARES,0,0,0,0,0,0,646,646,45,646,
North,U.P.,ETAH,S. KUMAR & BROTHERS,0,0,0,"1,000",0,0,0,"1,000",45,"1,000",
North,U.P.,SHAHJAHANPUR,SHRI BALAJI PLY SANGRAH,"81,199",0,0,0,0,0,0,"81,199",45,0,"54,010"
North,U.P.,ALIGARH,R.K. TRADING CO.,"45,716",0,0,0,0,0,0,"45,716",45,0,
North,U.P.,BALLIA,MURARI STORES,253,0,0,0,0,0,0,253,45,0,"30,000"
North,U.P.,MATHURA,SHREE JEE PLYWOOD,0,0,0,0,0,0,"6,584","6,584",45,"6,584",
North,U.P.,ETAWAH,RAM SHANKER & SONS,"33,892",0,"42,336",0,0,0,0,"76,228",45,"42,336","40,000"
North,U.P.,FARRUKHABAD,BHARAT PLYWOOD & HARDWARE,0,0,0,"2,023",0,0,0,"2,023",45,"2,023",
North,U.P.,GORAKHPUR,AVON PLY CENTRE,"87,650",0,0,0,0,0,0,"87,650",45,0,"50,000"
North,U.P.,DEORIA,BOOTAN SAHU JAMUNA PRASAD,0,0,0,162,0,0,0,162,45,162,
North,U.P.,SAMBHAL,SHAHID ZAMEER NADEEM ASGHAR,0,0,0,"3,183",503,0,0,"3,686",45,"3,686",
North,U.P.,MEERUT,DEV TRADING CO.,0,"80,533",0,0,0,0,0,"80,533",45,"80,533",
North,U.P.,ETAWAH,JAIN PLYWOOD & HARDWARE,"61,389","133,915",0,0,0,0,0,"195,304",45,"133,915",
North,U.P.,KANPUR,KANCHAN ENTERPRISES,"6,267,161",0,0,0,0,0,0,"6,267,161",45,0,"9,984,845"
North,U.P.,MAURANIPUR,SINGHAL HARDWARE STORE,"91,679",0,0,"4,595",0,0,0,"96,274",45,"4,595","10,000"
North,U.P.,MEERUT,NEW BANSAL PIPE & HARDWARE STORES,"88,990",0,0,0,0,0,0,"88,990",45,0,
North,U.P.,FIROZABAD,RAJESH PIPE STORE,0,"32,254",0,0,0,0,0,"32,254",45,"32,254",
North,U.P.,GORAKHPUR,JAISWAL HARDWARE STORES,"16,494",0,60,0,0,0,0,"16,554",45,60,
North,U.P.,MORADABAD,NATIONAL MACHINARY STORES,"8,139","1,751","32,619",0,0,0,0,"42,509",45,"34,370",
North,U.P.,BIJNOR,JAIN AGRICULTURE & H/W,"29,104",0,0,0,0,0,0,"29,104",45,0,"57,136"
North,U.P.,FAIZABAD,ASHOK HARDWARE,0,0,0,0,0,0,737,737,45,737,
North,U.P.,BHINGA,SHRAWASTI HARDWARE,"56,695",0,0,0,0,0,0,"56,695",45,0,"36,495"
North,U.P.,SHAHAGANJ,AGRAHARI AGRICULTURE STORES,0,0,0,"16,968",0,0,0,"16,968",45,"16,968",
North,U.P.,FAIZABAD,BAL KRISHNA H/W & TOOLS,"128,730",0,0,0,0,0,0,"128,730",45,0,
North,U.P.,SULTANPUR,SUPER HARDWARE,0,0,0,0,0,0,"4,515","4,515",45,"4,515",
North,U.P.,LUCKNOW,SHADI RAM & SONS,"34,042",0,0,0,0,0,0,"34,042",45,0,"55,260"
North,U.P.,SAHARANPUR,OMCA ALUMINIUM HOUSE,0,0,0,0,0,406,0,406,45,406,
North,U.P.,POORANPUR,JAGDEESH PRASAD VIJAY KUMAR,0,0,0,"41,315","2,672",0,0,"43,987",45,"43,987",
North,U.P.,LUCKNOW,POOJA TRADERS,"86,138",0,0,0,0,0,0,"86,138",45,0,"113,591"
North,U.P.,ETAWAH,GOYAL PAINTS & HARDWARE,"79,678",0,0,0,0,0,0,"79,678",45,0,"42,004"
North,U.P.,LAKHIMPUR KHERI,SHYAM HARDWARE STORE,0,0,0,0,0,0,650,650,45,650,
North,U.P.,SAHARANPUR,ANIL LOCK STORE,"496,078",0,0,0,0,0,0,"496,078",45,0,"142,000"
North,U.P.,SAHARANPUR,"HARBHAJAN SINGH & SONS,",0,"33,874",0,0,0,0,0,"33,874",45,"33,874",
North,U.P.,SAHARANPUR,JUNEJA HARDWARE,"450,049",0,0,0,0,0,0,"450,049",45,0,
North,U.P.,LUCKNOW,SAIZY LOCK & HARDWARE,"180,515",0,0,0,0,0,0,"180,515",45,0,"150,095"
North,U.P.,LUCKNOW,AGARWAL H/W & PAINTS,"211,645",0,0,0,0,0,0,"211,645",45,0,
North,U.P.,SAHARANPUR,HAKEEM LOCK HOUSE,0,"13,587",0,0,0,0,0,"13,587",45,"13,587",
North,U.P.,LUCKNOW,BHARAT LOCK HOUSE,"198,622",0,0,0,0,0,0,"198,622",45,0,"260,598"
North,U.P.,ETAWAH,AGGARAWAL CROKRY,0,0,0,843,0,0,0,843,45,843,
North,U.P.,AGRA,RAJESH HARDWARE STORE,"26,637","17,215",0,0,0,0,0,"43,852",45,"17,215","33,661"
North,U.P.,BAREILLY,VANYA FASHIONS,0,0,0,0,0,0,"18,163","18,163",45,"18,163",
North,U.P.,JHANSI,HOLA RAM & SONS,"52,126",0,0,0,0,0,0,"52,126",45,0,
North,U.P.,BALRAMPUR,NATIONAL HARDWARE & PAINTS,"33,096",0,0,0,0,0,0,"33,096",45,0,"16,946"
North,U.P.,LUCKNOW,TRIMURTI H/W & P/W PVT. LTD.,"77,682",0,0,0,0,0,0,"77,682",45,0,"201,972"
North,U.P.,AGRA,BABLU BHAI PLY WALE,"17,470",0,0,0,0,0,0,"17,470",45,0,
North,U.P.,LUCKNOW,SAI PLYWOOD & HARDWARE,"29,682",0,0,0,0,0,0,"29,682",45,0,"55,735"
North,U.P.,JHANSI,NARESH HARDWARE STORE,"66,831",0,0,0,0,0,0,"66,831",45,0,
North,U.P.,LUCKNOW,SANSAR LIGHT COMPANY,"127,939",0,0,0,0,0,0,"127,939",45,0,"593,293"
North,U.P.,LUCKNOW,OPTIMIST HARDWARE STORE,"302,034",0,0,0,0,0,0,"302,034",45,0,"760,301"
North,U.P.,LUCKNOW,AGRAWAL HARDWARE STORES,"101,675",0,0,0,0,0,0,"101,675",45,0,"19,815"
North,U.P.,SHAMLI,MAHAVEER IRON STORE,0,0,0,0,"1,813",0,0,"1,813",45,"1,813",
North,U.P.,SAHARANPUR,WARIS CHAND ASHWANI KUMAR,"11,223",0,0,0,0,0,0,"11,223",45,0,"29,975"
North,U.P.,AGRA,SHRI KRISHNA PLYWOOD & H/W,"50,242","38,349",0,0,0,0,0,"88,591",45,"38,349","35,051"
North,U.P.,BIJNOR,RANGOLI PAINTS & CHEMICALS,0,0,0,0,0,0,413,413,45,413,
North,U.P.,PADRAUNA,GANESH DAS SHIV DUTTA RAI,0,0,0,0,0,0,8,8,45,8,
North,U.P.,MATHURA,BRIJ HARDWARE STORE,"79,925",0,2,0,0,0,0,"79,927",45,2,"64,190"
North,U.P.,BILLARI,NEW JANTA PLYWOOD HOUSE,0,0,0,"23,386",0,0,0,"23,386",45,"23,386","20,000"
North,U.P.,PADRAUNA,VENUS TRADING CO.,0,0,276,0,0,0,0,276,45,276,
North,U.P.,NOIDA,SHRI RAM ENTERPRISES,0,0,0,0,0,0,"405,273","405,273",45,"405,273",
North,U.P.,SAHARANPUR,BALDEV RAJ ENTERPRISES,"196,448",0,0,0,0,0,0,"196,448",45,0,"60,000"
North,U.P.,BANDA,SAHU HARDWARE.,0,0,0,0,0,0,"1,928","1,928",45,"1,928",
North,U.P.,SISWABAZAR-DISTT. MAHARAJGANJ,SANT KABEER ENTERPRISES,0,0,0,"23,069",0,0,0,"23,069",45,"23,069",
North,U.P.,GORAKHPUR,SHREE AMBEY TRADERS,0,0,0,0,0,0,699,699,45,699,
North,U.P.,LUCKNOW,OPTIMIST TRADING CO.,"115,398",0,0,0,0,0,0,"115,398",45,0,"87,332"
North,U.P.,PRATAPGARH,KESARWANI HARDWARE,0,0,"94,503",0,0,0,0,"94,503",45,"94,503",
North,U.P.,FARRUKHABAD,BILAL TRADERS,"49,045",0,0,0,0,0,0,"49,045",45,0,"23,670"
North,U.P.,LUCKNOW,THE KATAWALA,"98,738",0,0,0,0,0,0,"98,738",45,0,
North,U.P.,BAHRAICH,J.P JAIN AND COMPANY,"23,351",0,0,0,0,0,0,"23,351",45,0,
North,U.P.,LAKHIMPUR KHERI,JAI HIND TRADERS,"201,769",0,0,962,0,0,0,"202,731",45,962,
North,U.P.,LUCKNOW,SHIV BABA AGENCY,"135,157",0,0,0,0,0,0,"135,157",45,0,"227,869"
North,U.P.,GORAKHPUR,GYAN HARDWARE STORE,0,0,"5,577",0,0,0,0,"5,577",45,"5,577","11,243"
North,U.P.,SALON (RAEBARELI),RASTOGI MINERAL STORE,0,0,0,0,0,0,255,255,45,255,
North,U.P.,GHAZIABAD,SUNSMART SOLUTIONS OPC PVT. LTD.,"99,217",0,0,0,0,0,0,"99,217",45,0,"310,145"
North,U.P.,JHANSI,ANSHUL HARDWARE STORE,"48,739",0,0,0,0,0,0,"48,739",45,0,"40,000"
North,U.P.,GORAKHPUR,GAYATRI ENTERPRISES,0,0,2,0,0,0,0,2,45,2,"23,670"
North,U.P.,SAHARANPUR,NICE HARDWARE,0,0,0,"69,205",0,0,0,"69,205",45,"69,205","76,606"
North,U.P.,AGRA,RUDRAKSH HOME DECORE,"177,629",0,0,0,0,0,0,"177,629",45,0,"61,860"
North,U.P.,GORAKHPUR,MITHLESH TRADERS,"194,912",0,1,0,0,0,0,"194,913",45,1,"53,441"
North,U.P.,BAHRAICH,GAURAV GLASS STORES,"22,574",0,0,0,0,0,0,"22,574",45,0,
North,U.P.,BADAUN,KHURRAM TRADERS,0,0,"50,456",0,0,0,0,"50,456",45,"50,456",
North,U.P.,SHRAVASTI,SANGAM PLYWOOD & HARDWARE STORE,"16,546",0,0,0,0,0,0,"16,546",45,0,"16,698"
North,U.P.,AGRA,PREMCHAND DEVANDASS,"82,728",0,0,0,0,0,0,"82,728",45,0,"84,156"
North,U.P.,ALIGARH,R.K. METAL WORKS,0,0,"48,079",0,0,0,0,"48,079",45,"48,079",
North,U.P.,MUNGRA BADSHAHPUR(DIST.JAUNPUR,ASHISH HARDWARE,"122,333",0,0,0,0,0,0,"122,333",45,0,"320,000"
North,U.P.,HATHRAS,AGRAWAL ENTERPRISES,0,0,0,0,0,0,292,292,45,292,
North,U.P.,SULTANPUR,HAJARI LAL JAMUNA PRASAD..,"48,739",0,0,0,0,0,0,"48,739",45,0,
North,U.P.,JHANSI,OM PRAKASH & SONS,"21,426",0,0,0,0,0,0,"21,426",45,0,
North,U.P.,SAHARANPUR,LATTU HARDWARE AGENCIES,"24,961",0,0,0,0,0,0,"24,961",45,0,
North,U.P.,BASTI,NEW BHARTIYA PLYWOOD & HARDWARE,0,0,0,0,0,0,"3,504","3,504",45,"3,504",
North,U.P.,MORADABAD,SRI SAI PLYWOOD & HARDWARE NEW,0,0,0,"12,632",0,0,0,"12,632",45,"12,632",
North,U.P.,KUNDARKI,JANTA PLYWOOD & GLASS STORE,0,0,0,0,0,0,100,100,45,100,
North,U.P.,BAHRAICH,HAFEEZ HARDWARE,"117,328",0,0,0,0,0,0,"117,328",45,0,"99,146"
North,U.P.,DEORIA,HARDWARE CENTRE,0,0,511,0,0,0,0,511,45,511,
North,U.P.,KUNDA (PRATAPGARH),KASHI PRASAD SHIV RAM BABU,"31,117",0,0,0,0,0,0,"31,117",45,0,31
North,U.P.,SALON (RAEBARELI),SHIVAM FURNITURE,0,0,0,0,"7,481",0,0,"7,481",45,"7,481",
North,U.P.,NOORPUR,HANEEF AGRICULTURE STORE,0,0,0,"2,754",0,0,0,"2,754",45,"2,754",
North,U.P.,KASGANJ,BHAGWATI TRADERS,"66,987",0,"85,996",0,0,0,0,"152,983",45,"85,996",
North,U.P.,AGRA,AGARWAL HARDWARE STORE,"169,232",0,0,0,0,0,0,"169,232",45,0,"61,525"
North,U.P.,LAKHIMPUR KHERI,SAURABH HARDWARE,"20,455",0,0,0,0,0,0,"20,455",45,0,"43,982"
North,U.P.,BAHRAICH,RAJ SALES CORPORATION,"46,490",0,0,0,0,0,499,"46,989",45,499,
North,U.P.,AGRA,BRIJESH HARDWARE STORE,0,"53,362",0,0,0,0,0,"53,362",45,"53,362","39,301"
North,U.P.,AGRA,JETHWANI TRADERS,"135,351",0,0,0,0,0,0,"135,351",45,0,
North,U.P.,AZAMGARH,PANNA LAL ATUL KUMAR,"169,458",0,0,0,0,0,0,"169,458",45,0,44
North,U.P.,ETAWAH,HAJI MOIN ULLAH FAIZAN ULLAH,"109,690",0,0,0,0,0,0,"109,690",45,0,
North,U.P.,MATHURA,GOYAL AUTO EMPORIUM,"17,278",0,0,0,0,0,0,"17,278",45,0,1
North,U.P.,MATHURA,BHAGWAN H/W STORES,"14,848",0,0,0,0,400,0,"15,248",45,400,
North,U.P.,BADAUN,PAL & SONS,"28,334",0,0,0,243,0,0,"28,577",45,243,
North,U.P.,AGRA,RAJEEV HARDWARE STORE,"31,794",0,0,0,0,0,0,"31,794",45,0,"83,557"
North,U.P.,MAHOBA,BHARTI HOSIERY,0,987,0,0,0,0,0,987,45,987,
North,U.P.,SAHARANPUR,U.P TOOLS INDIA,0,685,0,0,0,0,0,685,45,685,"65,000"
North,U.P.,MUZAFFARNAGAR,SEWAK HARDWARE STORE,"58,105",0,0,0,0,0,0,"58,105",45,0,"50,462"
North,U.P.,SHIKOHABAD,MITTAL HARDWARE STORES,0,0,"18,152",0,0,0,0,"18,152",45,"18,152",
North,U.P.,LALITPUR,ATUL BOOK DEPOT & GENERAL STORE,"19,388",0,0,0,0,0,0,"19,388",45,0,
North,U.P.,BAREILLY,PRAKASH TRADERS,0,"3,872",0,0,0,0,0,"3,872",45,"3,872","83,228"
North,U.P.,MATHURA,R.C GUPTA ENTERPRISES,"99,469",0,0,0,0,0,0,"99,469",45,0,
North,U.P.,AGRA,SHREE DAUJI HARDWARE & PIPE STORE,0,0,"40,208",0,0,0,0,"40,208",45,"40,208",
North,U.P.,KUSHINAGAR,RAJESH KUMAR VINOD KUMAR,0,0,0,0,0,0,"1,924","1,924",45,"1,924",
North,U.P.,MAHOBA,SURESH KUMAR & SONS,0,8,0,0,0,0,0,8,45,8,"30,634"
North,U.P.,MUZAFFARNAGAR,ARORA CYCLE STORE,0,0,0,0,0,0,"1,277","1,277",45,"1,277",
North,U.P.,AKBARPUR,S.KUMAR & COMPANY,"124,824",0,0,0,0,0,0,"124,824",45,0,"149,188"
North,U.P.,LALITPUR,KALRA TRADERS,"16,279",0,0,0,0,0,0,"16,279",45,0,
North,U.P.,JHANSI,SIYA RAM BROTHERS,"34,194",0,0,0,0,0,0,"34,194",45,0,
North,U.P.,JHANSI,BHARAT HOSEIRY & GENERAL STORE,"24,951",0,0,0,0,0,0,"24,951",45,0,
North,U.P.,AGRA,JAI BHARAT HARDWARE & IRON MERCHANT,"66,275","107,787","56,541",0,0,0,0,"230,603",45,"164,328",
North,U.P.,MATHURA,AJAY HARDWARE,"28,233",0,0,0,0,0,0,"28,233",45,0,"35,159"
North,U.P.,MAHOBA,SONU COSMETICES,"62,942",0,0,0,0,0,0,"62,942",45,0,
North,U.P.,SHAHJAHANPUR,SHAHJAHANPUR GLASS & PLY HOUSE,"9,401","16,521",0,0,0,0,0,"25,922",45,"16,521",
North,U.P.,AGRA,RACHNA ENTERPRISES,0,0,"7,491",0,0,0,0,"7,491",45,"7,491",
North,U.P.,AZAMGARH,SRI KRISHNA STORES,0,0,0,0,0,"2,625",0,"2,625",45,"2,625",
North,U.P.,MUZAFFARNAGAR,SINDHI HARDWARE STORE,"9,188",0,0,0,0,0,0,"9,188",45,0,
North,U.P.,SADABAD,RADHASHARAN AGARWAL TRADERS,0,0,0,0,0,0,623,623,45,623,
North,U.P.,GORAKHPUR,AGRAWAL STORES,0,0,0,559,0,0,0,559,45,559,
North,U.P.,UNNAO,ALOK ENTERPRISES,0,0,0,0,0,0,118,118,45,118,
North,U.P.,JHANSI,HOLA RAM CHOLA RAM..,0,0,0,0,0,0,667,667,45,667,
North,U.P.,BAHRAICH,JAI MAA PADMAWATI & H/W STORE,0,"121,784",0,0,0,0,0,"121,784",45,"121,784",
North,U.P.,MEERUT,A.S ENTERRPRISES,"25,166",0,0,0,0,0,0,"25,166",45,0,
North,U.P.,SAHARANPUR,ARORA CYCLE TRADERS..,"25,196",0,0,0,0,0,0,"25,196",45,0,
North,U.P.,KARWI (CHITRAKOOT),KESARWANI BANDHU,"2,246",0,0,0,0,0,0,"2,246",45,0,"44,882"
North,U.P.,PADRAUNA,HANUMANT ENTERPRISES,0,0,0,0,0,0,913,913,45,913,
North,U.P.,ETAWAH,HOME DECOR,"76,709",0,0,0,0,0,0,"76,709",45,0,"8,349"
North,U.P.,SHAHJAHANPUR,BABA HARDWARE & PLY HOUSE,0,0,"358,012",0,0,0,0,"358,012",45,"358,012",
North,U.P.,LUCKNOW,TRIPATHI HARDWARE..,"52,259",0,0,0,0,0,0,"52,259",45,0,"10,765"
North,U.P.,JHANSI,OM KITCHEN STORE..,"80,000",0,0,0,0,0,0,"80,000",45,0,"67,026"
North,U.P.,JHANSI,MAA PEETAMBARA HARDWARE,"321,857",0,"452,184",0,0,0,0,"774,041",45,"452,184",
North,U.P.,PADRAUNA,RIDHI SIDHII ENTERPRISES,0,0,"5,897",0,0,0,0,"5,897",45,"5,897",
North,U.P.,BASTI,JAISWAL H/W,"171,236",0,0,0,0,0,0,"171,236",45,0,
North,U.P.,GORAKHPUR,AGRAWAL TRADERS,0,0,0,0,0,0,34,34,45,34,
North,U.P.,FAIZABAD,NAV DURGA PUSTAK BHANDAR,"29,265",0,0,0,0,0,0,"29,265",45,0,
North,U.P.,JAUNPUR,BHARAT PLY & HARDWARE,"3,369",0,0,0,0,0,0,"3,369",45,0,"8,539"
North,U.P.,BISAULI,S.R HARDWARE & PLYWOOD,0,0,0,0,"2,520",0,0,"2,520",45,"2,520",
North,U.P.,GORAKHPUR,MARUTI HARDWARE,"16,494","285,930",0,0,0,0,0,"302,424",45,"285,930","120,183"
North,U.P.,VARANASI,SHIVAM TRADING COMPANY,0,0,0,900,0,0,0,900,45,900,
North,U.P.,NOIDA,ANIL PAINT & HARDWARE STORE,0,0,26,0,0,0,0,26,45,26,
North,U.P.,MIRZAPUR,GANESH HARDWARE,0,0,0,0,0,"1,345",0,"1,345",45,"1,345",
North,U.P.,NOIDA,JAIN TRADE LINK,0,0,0,0,0,"65,373","306,912","372,285",45,"372,285",
North,U.P.,AGRA,A.S.A.G HARDWARE,"11,841","38,417",0,0,0,0,0,"50,258",45,"38,417","34,940"
North,U.P.,BANDA,PRATHAM ENTERPRISES,"103,296",0,0,0,0,0,0,"103,296",45,0,"11,835"
North,U.P.,KOSIKALAN,SOHAN LAL VIRENDRA KUMAR,"38,723",0,0,59,0,0,0,"38,782",45,59,"18,000"
North,U.P.,DEORIA,LAXMI PLY & GLASS HOUSE,"2,217",0,0,0,0,0,0,"2,217",45,0,"67,181"
North,U.P.,BULANDSHAHAR,BALAJI TIMBERS,745,0,0,0,0,0,0,745,45,0,
North,U.P.,GORAKHPUR,UNICO HARDWARE AND PLY,0,"14,658",0,0,0,0,0,"14,658",45,"14,658","50,000"
North,U.P.,SARAIMEER,HIND PLY,0,0,0,0,0,"3,400",0,"3,400",45,"3,400",
North,U.P.,MUZAFFARNAGAR,SHREE RAGHAV PLYWOOD,0,0,0,0,0,396,0,396,45,396,
North,U.P.,MEERUT,CHANDRA METAL CO.,0,0,"26,428",0,0,0,0,"26,428",45,"26,428",
North,U.P.,GORAKHPUR,GAYATRI TRADERS,0,"26,037","43,252",0,0,0,0,"69,289",45,"69,289","282,032"
North,U.P.,LUCKNOW,B.N.K ENTERPRISES,"13,735",0,0,0,0,0,0,"13,735",45,0,"1,687,202"
North,U.P.,FARRUKHABAD,HINA TRADING COMPANY,"56,978",0,0,0,0,0,0,"56,978",0,"56,978",
North,U.P.,SITAPUR,MR. SEWA NAYAK,"11,598",0,0,0,0,0,0,"11,598",0,"11,598",
North,U.P.,GREATER NOIDA,SHREE BABA TRADERS.,1,0,0,0,0,0,0,1,45,0,
North,UTTARAKHAND,DEHRADUN,SKY MARKETING,"639,866",0,0,0,0,0,0,"639,866",45,0,"344,486"
East,WEST BENGAL,KOLKATA,YEN ENTERPRISES,0,0,0,0,0,0,"269,838","269,838",45,"269,838",
East,WEST BENGAL,KOLKATA,LINK SALES,0,0,0,"4,235,466",0,"2,720,325",0,"6,955,791",45,"6,955,791","1,550,000"
East,WEST BENGAL,HOOGHLY,MR.JOYBRATA GHOSH,"1,409",0,0,0,0,0,0,"1,409",0,"1,409",
East,WEST BENGAL,KOLKATA,PRANAM PRATISHTHAN,"416,676",0,0,0,0,0,0,"416,676",45,0,
East,WEST BENGAL,SILIGURI,BUILDER HOUSE,0,0,"5,509",0,0,0,0,"5,509",45,"5,509",
East,WEST BENGAL,MALDA,DAS HARDWARE,0,0,0,0,0,0,"12,528","12,528",45,"12,528",
East,WEST BENGAL,COOCH BEHAR,S.K. REMKA & SONS,0,0,0,0,0,0,"2,084","2,084",45,"2,084",
East,WEST BENGAL,SILIGURI,CHIRAG BUILDER,"5,120",0,0,0,0,0,0,"5,120",45,0,
East,WEST BENGAL,BANKURA,PLYCO,0,0,0,0,0,0,"1,958","1,958",45,"1,958",
East,WEST BENGAL,SILIGURI,TRADECO,"1,171,497",0,"1,088,202",0,0,0,0,"2,259,699",45,"1,088,202","1,900,000"
East,WEST BENGAL,RANIGANJ,TIRUPATI PLYWOOD & HARDWARE,0,0,0,0,0,0,"49,522","49,522",45,"49,522",
East,WEST BENGAL,MALDA,S.B. DISTRIBUTORS,0,"50,482",0,"38,230",0,0,0,"88,712",45,"88,712","430,048"
East,WEST BENGAL,DINAJPUR,SHIVAM SALES,0,0,0,0,0,0,"18,375","18,375",45,"18,375",
East,WEST BENGAL,SILIGURI,TILAK HARDWARE STORE,0,0,0,"23,587",0,0,0,"23,587",45,"23,587","40,000"
East,WEST BENGAL,KOLKATA,ASIA TRADING CORPORATION,0,"1,236",0,0,0,0,0,"1,236",45,"1,236",
East,WEST BENGAL,MALDA,RANISATI TRADERS..,0,"16,946",0,0,0,0,0,"16,946",45,"16,946","14,417"
East,WEST BENGAL,MALDA,SHRADDHA AGENCIES,0,0,0,0,0,0,"2,158","2,158",45,"2,158","100,000"
East,WEST BENGAL,COOCH BEHAR,MUSKAN ENTERPRISES,0,0,0,0,0,0,93,93,45,93,
East,WEST BENGAL,BARDHAMAN,OM TOOLS MACHINARY,0,0,0,0,0,"237,951","44,680","282,631",45,"282,631","30,000"
East,WEST BENGAL,MALDA,S.B TRADING,0,0,0,0,0,430,0,430,45,430,"99,000"
East,WEST BENGAL,RANIGANJ,INDIA PLYWOOD & HARDWARE,0,0,0,0,0,33,0,33,45,33,"16,300"
